ALL, Score
0,1
0.6,1
0.84,1
0.936,1
0.9744,1
0.98976,1
0.995904,1
0.9983616,1
