ALL, Score
0,1
0.6,1
0.84,1
0.936,1
0.9744,0
0.38976,0
0.155904,0
0.06236159,0
