ALL, Score
0,1
0.6,1
0.84,1
0.936,1
0.9744,1
0.98976,1
0.995904,1
0.9983616,1
0.9993446,0.5
0.6997378,0.5
0.5798951,0.5
0.531958,0.5
0.5127832,0.5
0.5051133,0.5
0.5020453,0.5
0.5008181,0.5
