ALL, Score
0,0.3333333
0.2,0.3333333
0.28,0.3333333
0.312,0.3333333
0.3248,0.3333333
0.32992,0.3333333
0.331968,0.3333333
0.3327872,0.3333333
