ALL, Score
0,0.5
0.3,0.5
0.42,0.5
0.468,0.5
0.4872,0.5
0.49488,0.5
0.497952,0.5
0.4991808,0.5
